SITE;1;2;3;4;5;6;7;8;9;10;11;12;13;14;15;16;17;18;19;20;21;22;23;24;25;26;27;28;29;30;31;32;33;34;35;36;37;38;39;40;41;42;43;44;45;46;47;48;49;50;53;54;55;56;58;59;63;64;65;66;68;69;70;71;72
2018_AU;FLO;FLO;FLO;FLO;FLO;FLO;DRY;FLO;FLO;FLO;FLO;FLO;FLO;FLO;FLO;FLO;DRY;FLO;FLO;FLO;DRY;FLO;FLO;FLO;FLO;FLO;FLO;FLO;DRY;FLO;FLO;FLO;DRY;DRY;FLO;FLO;FLO;FLO;FLO;DRY;DRY;FLO;DRY;FLO;FLO;DRY;FLO;DRY;DRY;NA;NA;NA;NA;NA;NA;NA;NA;NA;NA;NA;NA;NA;NA;NA;NA
2019_WI;FLO;FLO;FLO;FLO;FLO;FLO;DRY;FLO;FLO;FLO;FLO;FLO;FLO;FLO;FLO;FLO;DRY;FLO;FLO;FLO;FLO;FLO;FLO;FLO;FLO;DRY;DRY;DRY;DRY;FLO;FLO;FLO;DRY;DRY;FLO;FLO;FLO;FLO;FLO;FLO;DRY;FLO;DRY;FLO;FLO;DRY;FLO;FLO;FLO;NA;NA;NA;NA;NA;NA;NA;NA;NA;NA;NA;NA;NA;NA;NA;NA
2019_SP;FLO;FLO;FLO;FLO;FLO;FLO;DRY;FLO;FLO;FLO;FLO;FLO;FLO;FLO;FLO;FLO;DRY;FLO;FLO;FLO;FLO;FLO;FLO;FLO;FLO;DRY;FLO;DRY;DRY;FLO;DRY;FLO;DRY;DRY;FLO;FLO;FLO;FLO;FLO;FLO;DRY;FLO;DRY;FLO;FLO;DRY;FLO;DRY;FLO;NA;NA;NA;NA;NA;NA;NA;NA;NA;NA;NA;NA;NA;NA;NA;NA
2019_SU;FLO;FLO;FLO;FLO;FLO;FLO;DRY;FLO;FLO;FLO;FLO;FLO;DRY;FLO;FLO;FLO;DRY;FLO;FLO;FLO;FLO;FLO;FLO;FLO;FLO;DRY;FLO;DRY;DRY;FLO;FLO;FLO;DRY;DRY;FLO;FLO;FLO;FLO;FLO;DRY;DRY;FLO;DRY;FLO;FLO;DRY;DRY;DRY;DRY;NA;NA;NA;NA;NA;NA;NA;NA;NA;NA;NA;NA;NA;NA;NA;NA
2020_SU;FLO;FLO;FLO;FLO;FLO;FLO;FLO;FLO;DRY;FLO;FLO;FLO;DRY;PLS;FLO;DRY;NA;FLO;FLO;FLO;DRY;FLO;PLS;FLO;DRY;NA;FLO;DRY;DRY;FLO;FLO;FLO;DRY;DRY;DRY;DRY;FLO;DRY;PLS;DRY;DRY;FLO;DRY;FLO;FLO;NA;FLO;DRY;DRY;HYR;HYR;DRY;HYR;HYR;DRY;DRY;FLO;DRY;FLO;DRY;DRY;DRY;FLO;FLO;FLO
2020_AU;FLO;FLO;FLO;FLO;FLO;FLO;DRY;FLO;FLO;FLO;FLO;FLO;FLO;FLO;FLO;DRY;NA;FLO;FLO;FLO;DRY;FLO;FLO;FLO;PLS;NA;DRY;DRY;DRY;FLO;FLO;FLO;DRY;DRY;FLO;PLS;FLO;PLS;PLS;DRY;DRY;FLO;DRY;FLO;FLO;NA;FLO;DRY;DRY;HYR;FLO;DRY;FLO;FLO;DRY;DRY;FLO;FLO;FLO;HYR;DRY;DRY;FLO;FLO;FLO
2021_WI;FLO;FLO;FLO;FLO;FLO;FLO;DRY;FLO;FLO;FLO;FLO;FLO;FLO;FLO;FLO;FLO;NA;FLO;FLO;FLO;FLO;FLO;FLO;FLO;FLO;NA;FLO;DRY;DRY;FLO;FLO;FLO;DRY;DRY;FLO;FLO;FLO;FLO;FLO;FLO;DRY;FLO;DRY;FLO;FLO;NA;FLO;DRY;FLO;FLO;FLO;FLO;FLO;FLO;DRY;FLO;FLO;FLO;FLO;FLO;DRY;FLO;FLO;FLO;FLO
2021_SP;FLO;FLO;FLO;FLO;FLO;FLO;DRY;FLO;FLO;FLO;FLO;FLO;FLO;FLO;FLO;FLO;NA;FLO;FLO;FLO;FLO;FLO;FLO;FLO;FLO;NA;PLS;DRY;DRY;FLO;FLO;FLO;DRY;DRY;FLO;FLO;FLO;FLO;FLO;FLO;DRY;FLO;DRY;FLO;FLO;NA;FLO;DRY;FLO;FLO;FLO;DRY;FLO;FLO;DRY;FLO;FLO;FLO;FLO;FLO;DRY;FLO;FLO;FLO;FLO
2021_SU;FLO;FLO;FLO;FLO;PLS;DRY;DRY;FLO;DRY;FLO;FLO;FLO;DRY;PLS;FLO;DRY;NA;DRY;FLO;DRY;DRY;DRY;PLS;DRY;PLS;NA;DRY;DRY;DRY;FLO;FLO;FLO;DRY;DRY;FLO;DRY;FLO;DRY;PLS;DRY;DRY;FLO;DRY;PLS;DRY;NA;FLO;DRY;DRY;FLO;DRY;DRY;FLO;DRY;DRY;DRY;FLO;DRY;DRY;DRY;DRY;DRY;FLO;FLO;FLO
2021_AU;FLO;FLO;FLO;FLO;FLO;DRY;DRY;FLO;FLO;FLO;FLO;FLO;PLS;FLO;FLO;DRY;NA;FLO;FLO;DRY;DRY;PLS;PLS;FLO;FLO;NA;DRY;DRY;DRY;FLO;FLO;FLO;DRY;DRY;FLO;DRY;FLO;DRY;PLS;DRY;DRY;FLO;DRY;FLO;FLO;NA;FLO;DRY;DRY;FLO;DRY;DRY;FLO;FLO;DRY;DRY;FLO;FLO;FLO;DRY;DRY;DRY;FLO;FLO;FLO
2022_WI;FLO;FLO;FLO;FLO;FLO;FLO;DRY;FLO;FLO;FLO;FLO;FLO;FLO;FLO;FLO;FLO;NA;FLO;FLO;FLO;PLS;FLO;FLO;FLO;FLO;NA;PLS;DRY;DRY;FLO;FLO;FLO;DRY;DRY;FLO;FLO;FLO;FLO;FLO;FLO;DRY;FLO;DRY;FLO;FLO;NA;FLO;DRY;FLO;FLO;FLO;DRY;FLO;FLO;DRY;FLO;FLO;FLO;FLO;FLO;DRY;DRY;FLO;FLO;FLO
2022_SP;FLO;FLO;FLO;FLO;FLO;FLO;DRY;FLO;FLO;FLO;FLO;FLO;FLO;FLO;FLO;FLO;NA;FLO;FLO;FLO;PLS;FLO;FLO;FLO;FLO;NA;PLS;DRY;DRY;FLO;FLO;FLO;DRY;DRY;FLO;FLO;FLO;FLO;FLO;FLO;DRY;FLO;DRY;FLO;FLO;NA;FLO;DRY;FLO;FLO;FLO;DRY;FLO;FLO;DRY;HYR;FLO;FLO;FLO;FLO;DRY;DRY;FLO;FLO;FLO
2022_SU;FLO;FLO;FLO;FLO;PLS;DRY;DRY;FLO;DRY;PLS;FLO;FLO;DRY;FLO;FLO;DRY;NA;DRY;FLO;DRY;DRY;DRY;PLS;DRY;FLO;NA;DRY;DRY;DRY;DRY;FLO;DRY;DRY;DRY;DRY;DRY;DRY;DRY;PLS;DRY;DRY;PLS;DRY;DRY;DRY;NA;DRY;DRY;DRY;DRY;DRY;DRY;FLO;DRY;DRY;DRY;FLO;DRY;DRY;DRY;DRY;DRY;FLO;FLO;FLO
2022_AU;FLO;FLO;FLO;FLO;FLO;DRY;DRY;FLO;FLO;FLO;FLO;FLO;DRY;FLO;FLO;DRY;NA;FLO;FLO;DRY;DRY;FLO;FLO;FLO;FLO;NA;DRY;DRY;DRY;FLO;FLO;FLO;DRY;DRY;FLO;DRY;FLO;PLS;PLS;DRY;DRY;FLO;DRY;FLO;FLO;NA;DRY;DRY;DRY;FLO;DRY;DRY;FLO;FLO;DRY;DRY;FLO;FLO;FLO;DRY;DRY;DRY;FLO;FLO;FLO
2023_WI;FLO;FLO;FLO;FLO;FLO;FLO;FLO;FLO;FLO;FLO;FLO;FLO;FLO;FLO;FLO;FLO;NA;FLO;FLO;ICE;FLO;FLO;FLO;FLO;FLO;NA;FLO;FLO;DRY;FLO;FLO;FLO;DRY;DRY;FLO;FLO;FLO;FLO;FLO;FLO;DRY;FLO;DRY;FLO;FLO;NA;DRY;DRY;FLO;FLO;FLO;DRY;FLO;FLO;NA;FLO;FLO;FLO;FLO;FLO;FLO;FLO;FLO;FLO;FLO
2023_SP;FLO;FLO;FLO;FLO;FLO;FLO;FLO;FLO;FLO;FLO;FLO;FLO;FLO;FLO;FLO;FLO;NA;FLO;FLO;FLO;FLO;FLO;FLO;FLO;FLO;NA;FLO;FLO;FLO;FLO;FLO;FLO;FLO;FLO;FLO;FLO;FLO;FLO;FLO;FLO;FLO;FLO;FLO;FLO;FLO;NA;FLO;FLO;FLO;FLO;FLO;FLO;FLO;FLO;FLO;FLO;FLO;FLO;FLO;FLO;FLO;FLO;FLO;FLO;FLO
