SITE;YEAR_SEASON;DD_365
1;2018_AU;0
1;2019_WI;0
1;2019_SP;0
1;2019_SU;0
1;2020_SU;0
1;2020_AU;0
1;2021_WI;0
1;2021_SP;0
1;2021_SU;0
1;2021_AU;0
1;2022_WI;0
1;2022_SP;0
1;2022_SU;0
1;2022_AU;0
1;2023_WI;0
1;2023_SP;0
2;2018_AU;0
2;2019_WI;0
2;2019_SP;0
2;2019_SU;0
2;2020_SU;0
2;2020_AU;0
2;2021_WI;0
2;2021_SP;0
2;2021_SU;0
2;2021_AU;0
2;2022_WI;0
2;2022_SP;0
2;2022_SU;0
2;2022_AU;0
2;2023_WI;0
2;2023_SP;0
3;2018_AU;0
3;2019_WI;0
3;2019_SP;0
3;2019_SU;0
3;2020_SU;0
3;2020_AU;0
3;2021_WI;0
3;2021_SP;0
3;2021_SU;0
3;2021_AU;0
3;2022_WI;0
3;2022_SP;0
3;2022_SU;0
3;2022_AU;0
3;2023_WI;0
3;2023_SP;0
4;2018_AU;0
4;2019_WI;0
4;2019_SP;0
4;2019_SU;0
4;2020_SU;0
4;2020_AU;0
4;2021_WI;0
4;2021_SP;0
4;2021_SU;0
4;2021_AU;0
4;2022_WI;0
4;2022_SP;0
4;2022_SU;0
4;2022_AU;0
4;2023_WI;0
4;2023_SP;0
5;2018_AU;50.46
5;2019_WI;48.91
5;2019_SP;48.91
5;2019_SU;70.58
5;2020_SU;22.96
5;2020_AU;25.15
5;2021_WI;35.09
5;2021_SP;35.09
5;2021_SU;40.87
5;2021_AU;61.8
5;2022_WI;89.69
5;2022_SP;0
5;2022_SU;3
5;2022_AU;25
5;2023_WI;25
5;2023_SP;25
6;2018_AU;57.73
6;2019_WI;56.98
6;2019_SP;56.98
6;2019_SU;71.1
6;2020_SU;22.01
6;2020_AU;28.19
6;2021_WI;34.13
6;2021_SP;34.13
6;2021_SU;48.46
6;2021_AU;74.38
6;2022_WI;104.16
6;2022_SP;0
6;2022_SU;39
6;2022_AU;112
6;2023_WI;140
6;2023_SP;140
8;2018_AU;0
8;2019_WI;0
8;2019_SP;0
8;2019_SU;0
8;2020_SU;0
8;2020_AU;0
8;2021_WI;0
8;2021_SP;0
8;2021_SU;0
8;2021_AU;0
8;2022_WI;0
8;2022_SP;0
8;2022_SU;0
8;2022_AU;0
8;2023_WI;0
8;2023_SP;0
9;2018_AU;36.39
9;2019_WI;32.77
9;2019_SP;32.77
9;2019_SU;47.74
9;2020_SU;15.15
9;2020_AU;11.88
9;2021_WI;14.81
9;2021_SP;14.81
9;2021_SU;17
9;2021_AU;39.92
9;2022_WI;78.12
9;2022_SP;27
9;2022_SU;56
9;2022_AU;51
9;2023_WI;51
9;2023_SP;51
10;2018_AU;49
10;2019_WI;52.23
10;2019_SP;52.23
10;2019_SU;77.33
10;2020_SU;24.62
10;2020_AU;28.74
10;2021_WI;41.21
10;2021_SP;41.53
10;2021_SU;48.46
10;2021_AU;73.28
10;2022_WI;116.45
10;2022_SP;0
10;2022_SU;0
10;2022_AU;0
10;2023_WI;0
10;2023_SP;0
11;2018_AU;0
11;2019_WI;0
11;2019_SP;0
11;2019_SU;0
11;2020_SU;0
11;2020_AU;0
11;2021_WI;0
11;2021_SP;0
11;2021_SU;0
11;2021_AU;0
11;2022_WI;0
11;2022_SP;0
11;2022_SU;0
11;2022_AU;0
11;2023_WI;0
11;2023_SP;0
12;2018_AU;0
12;2019_WI;0
12;2019_SP;0
12;2019_SU;0
12;2020_SU;0
12;2020_AU;0
12;2021_WI;0
12;2021_SP;0
12;2021_SU;0
12;2021_AU;0
12;2022_WI;0
12;2022_SP;0
12;2022_SU;0
12;2022_AU;0
12;2023_WI;0
12;2023_SP;0
13;2018_AU;36.39
13;2019_WI;32.77
13;2019_SP;32.77
13;2019_SU;47.74
13;2020_SU;15.15
13;2020_AU;11.88
13;2021_WI;14.81
13;2021_SP;14.81
13;2021_SU;17
13;2021_AU;39.92
13;2022_WI;78.12
13;2022_SP;232
13;2022_SU;224
13;2022_AU;205
13;2023_WI;124
13;2023_SP;95
14;2018_AU;44.63
14;2019_WI;44.16
14;2019_SP;44.16
14;2019_SU;64.87
14;2020_SU;14.91
14;2020_AU;16.31
14;2021_WI;21.57
14;2021_SP;21.57
14;2021_SU;31.83
14;2021_AU;50.31
14;2022_WI;81.01
14;2022_SP;0
14;2022_SU;0
14;2022_AU;0
14;2023_WI;0
14;2023_SP;0
15;2018_AU;0
15;2019_WI;0
15;2019_SP;0
15;2019_SU;0
15;2020_SU;0
15;2020_AU;0
15;2021_WI;0
15;2021_SP;0
15;2021_SU;0
15;2021_AU;0
15;2022_WI;0
15;2022_SP;0
15;2022_SU;0
15;2022_AU;0
15;2023_WI;0
15;2023_SP;0
16;2018_AU;63.07
16;2019_WI;56.51
16;2019_SP;56.51
16;2019_SU;75.25
16;2020_SU;14.91
16;2020_AU;22.94
16;2021_WI;31.87
16;2021_SP;31.87
16;2021_SU;43.4
16;2021_AU;67.82
16;2022_WI;99.82
16;2022_SP;9
16;2022_SU;51
16;2022_AU;70
16;2023_WI;70
16;2023_SP;70
18;2018_AU;77.62
18;2019_WI;77.4
18;2019_SP;77.4
18;2019_SU;100.68
18;2020_SU;28.88
18;2020_AU;33.72
18;2021_WI;45.07
18;2021_SP;53.12
18;2021_SU;70.16
18;2021_AU;106.1
18;2022_WI;152.62
18;2022_SP;29
18;2022_SU;29
18;2022_AU;7
18;2023_WI;7
18;2023_SP;7
19;2018_AU;0
19;2019_WI;0
19;2019_SP;0
19;2019_SU;0
19;2020_SU;0
19;2020_AU;0
19;2021_WI;0
19;2021_SP;0
19;2021_SU;0
19;2021_AU;0
19;2022_WI;0
19;2022_SP;0
19;2022_SU;0
19;2022_AU;0
19;2023_WI;0
19;2023_SP;0
20;2018_AU;61.61
20;2019_WI;64.58
20;2019_SP;64.58
20;2019_SU;89.78
20;2020_SU;29.59
20;2020_AU;25.15
20;2021_WI;33.48
20;2021_SP;34.13
20;2021_SU;48.1
20;2021_AU;79.3
20;2022_WI;136.71
20;2022_SP;136
20;2022_SU;145
20;2022_AU;79
20;2023_WI;53
20;2023_SP;32
21;2018_AU;170.77
21;2019_WI;155.28
21;2019_SP;144.83
21;2019_SU;158.28
21;2020_SU;55.39
21;2020_AU;64.68
21;2021_WI;95.3
21;2021_SP;117.52
21;2021_SU;132.01
21;2021_AU;199.62
21;2022_WI;264.01
21;2022_SP;214
21;2022_SU;165
21;2022_AU;164
21;2023_WI;139
21;2023_SP;119
22;2018_AU;107.22
22;2019_WI;108.27
22;2019_SP;108.27
22;2019_SU;127.15
22;2020_SU;38.34
22;2020_AU;44.78
22;2021_WI;69.22
22;2021_SP;90.47
22;2021_SU;112.11
22;2021_AU;169.54
22;2022_WI;238.69
22;2022_SP;65
22;2022_SU;92
22;2022_AU;38
22;2023_WI;37
22;2023_SP;37
23;2018_AU;106.73
23;2019_WI;108.74
23;2019_SP;113.02
23;2019_SU;137.01
23;2020_SU;38.58
23;2020_AU;45.05
23;2021_WI;68.26
23;2021_SP;88.54
23;2021_SU;109.94
23;2021_AU;166.26
23;2022_WI;237.25
23;2022_SP;98
23;2022_SU;113
23;2022_AU;57
23;2023_WI;47
23;2023_SP;47
24;2018_AU;49.97
24;2019_WI;53.18
24;2019_SP;53.18
24;2019_SU;74.73
24;2020_SU;24.14
24;2020_AU;27.09
24;2021_WI;36.06
24;2021_SP;39.6
24;2021_SU;51.72
24;2021_AU;78.21
24;2022_WI;122.24
24;2022_SP;169
24;2022_SU;142
24;2022_AU;117
24;2023_WI;85
24;2023_SP;85
27;2018_AU;141.18
27;2019_WI;141.51
27;2019_SP;132.01
27;2019_SU;144.27
27;2020_SU;47.58
27;2020_AU;55.55
27;2021_WI;69.87
27;2021_SP;82.74
27;2021_SU;102.35
27;2021_AU;154.77
27;2022_WI;235.08
27;2022_SP;300
27;2022_SU;271
27;2022_AU;271
27;2023_WI;244
27;2023_SP;170
28;2018_AU;65.5
28;2019_WI;67.43
28;2019_SP;67.43
28;2019_SU;92.38
28;2020_SU;27.93
28;2020_AU;28.74
28;2021_WI;38.96
28;2021_SP;40.57
28;2021_SU;50.27
28;2021_AU;79.85
28;2022_WI;138.88
28;2022_SP;305
28;2022_SU;309
28;2022_AU;305
28;2023_WI;263
28;2023_SP;187
30;2018_AU;0
30;2019_WI;0
30;2019_SP;0
30;2019_SU;0
30;2020_SU;0
30;2020_AU;0
30;2021_WI;0
30;2021_SP;0
30;2021_SU;0
30;2021_AU;4.38
30;2022_WI;5.79
30;2022_SP;0
30;2022_SU;0
30;2022_AU;22
30;2023_WI;39
30;2023_SP;39
31;2018_AU;63.55
31;2019_WI;65.53
31;2019_SP;65.53
31;2019_SU;87.19
31;2020_SU;28.17
31;2020_AU;32.89
31;2021_WI;41.21
31;2021_SP;41.86
31;2021_SU;56.78
31;2021_AU;85.86
31;2022_WI;130.92
31;2022_SP;0
31;2022_SU;0
31;2022_AU;0
31;2023_WI;0
31;2023_SP;0
32;2018_AU;33.48
32;2019_WI;33.72
32;2019_SP;33.72
32;2019_SU;44.63
32;2020_SU;12.07
32;2020_AU;14.65
32;2021_WI;18.03
32;2021_SP;18.03
32;2021_SU;18.44
32;2021_AU;36.1
32;2022_WI;70.16
32;2022_SP;0
32;2022_SU;25
32;2022_AU;28
32;2023_WI;28
32;2023_SP;28
35;2018_AU;0
35;2019_WI;0
35;2019_SP;0
35;2019_SU;0
35;2020_SU;0
35;2020_AU;0
35;2021_WI;0
35;2021_SP;0
35;2021_SU;0
35;2021_AU;4.92
35;2022_WI;6.51
35;2022_SP;0
35;2022_SU;19
35;2022_AU;34
35;2023_WI;41
35;2023_SP;41
36;2018_AU;54.34
36;2019_WI;61.26
36;2019_SP;61.26
36;2019_SU;76.81
36;2020_SU;24.38
36;2020_AU;24.88
36;2021_WI;34.77
36;2021_SP;34.77
36;2021_SU;38.7
36;2021_AU;60.71
36;2022_WI;92.58
36;2022_SP;148
36;2022_SU;140
36;2022_AU;117
36;2023_WI;113
36;2023_SP;113
37;2018_AU;51.91
37;2019_WI;51.76
37;2019_SP;51.76
37;2019_SU;76.81
37;2020_SU;25.56
37;2020_AU;28.19
37;2021_WI;38.31
37;2021_SP;38.31
37;2021_SU;51.36
37;2021_AU;78.21
37;2022_WI;114.28
37;2022_SP;0
37;2022_SU;42
37;2022_AU;49
37;2023_WI;58
37;2023_SP;79
38;2018_AU;14.55
38;2019_WI;14.25
38;2019_SP;14.25
38;2019_SU;15.57
38;2020_SU;4.26
38;2020_AU;0
38;2021_WI;0
38;2021_SP;0
38;2021_SU;0
38;2021_AU;18.05
38;2022_WI;31.83
38;2022_SP;51
38;2022_SU;51
38;2022_AU;10
38;2023_WI;16
38;2023_SP;11
39;2018_AU;105.28
39;2019_WI;102.09
39;2019_SP;102.09
39;2019_SU;115.21
39;2020_SU;38.11
39;2020_AU;44.5
39;2021_WI;67.29
39;2021_SP;87.25
39;2021_SU;107.41
39;2021_AU;162.43
39;2022_WI;230.01
39;2022_SP;162
39;2022_SU;163
39;2022_AU;158
39;2023_WI;133
39;2023_SP;127
40;2018_AU;109.16
40;2019_WI;106.37
40;2019_SP;106.37
40;2019_SU;119.88
40;2020_SU;44.97
40;2020_AU;52.51
40;2021_WI;68.26
40;2021_SP;86.61
40;2021_SU;100.9
40;2021_AU;152.58
40;2022_WI;237.97
40;2022_SP;183
40;2022_SU;119
40;2022_AU;114
40;2023_WI;121
40;2023_SP;121
42;2018_AU;35.42
42;2019_WI;30.39
42;2019_SP;30.39
42;2019_SU;38.4
42;2020_SU;9.47
42;2020_AU;11.88
42;2021_WI;19.32
42;2021_SP;19.32
42;2021_SU;25.32
42;2021_AU;53.05
42;2022_WI;88.97
42;2022_SP;14
42;2022_SU;20
42;2022_AU;51
42;2023_WI;67
42;2023_SP;67
44;2018_AU;38.33
44;2019_WI;39.41
44;2019_SP;39.41
44;2019_SU;47.23
44;2020_SU;9.47
44;2020_AU;10.5
44;2021_WI;15.45
44;2021_SP;15.45
44;2021_SU;17.36
44;2021_AU;37.19
44;2022_WI;62.21
44;2022_SP;36
44;2022_SU;63
44;2022_AU;42
44;2023_WI;42
44;2023_SP;42
45;2018_AU;19.89
45;2019_WI;17.09
45;2019_SP;17.09
45;2019_SU;20.24
45;2020_SU;3.55
45;2020_AU;1.11
45;2021_WI;1.29
45;2021_SP;1.29
45;2021_SU;1.45
45;2021_AU;21.33
45;2022_WI;39.06
45;2022_SP;46
45;2022_SU;37
45;2022_AU;21
45;2023_WI;21
45;2023_SP;21
49;2018_AU;104.31
49;2019_WI;108.74
49;2019_SP;108.74
49;2019_SU;118.32
49;2020_SU;46.63
49;2020_AU;54.45
49;2021_WI;71.48
49;2021_SP;94.66
49;2021_SU;106.69
49;2021_AU;161.33
49;2022_WI;239.42
49;2022_SP;155
49;2022_SU;87
49;2022_AU;90
49;2023_WI;122
49;2023_SP;122
